Payload Ref ID,model_responce,Doc_type,dis_responce,remarks
1d190582-8f3e-4d76-913a-70aba3a6cca1,"[ { ""extracted_pairs"": { ""mandatory_fields"": { ""ID Number"": ""AS25 20170019891"", ""Name"": ""RAJIB SAIKIA"", ""DateOfBirth"": ""11-05-1999"", ""IssuerAuthority"": ""P.B. Das"", ""DateOfIssue"": ""21-11-2017"" }, ""optional_fields"": { ""Address"": ""C/O BAPUKAN BORO SARUCHANDRA Changsari (CT),Kamrup,AS 781030"", ""SWID"": ""PRABHAT CH SAIKIA"", ""Valid till (Non Transport)"": ""20-11-2037"", ""Valid till (Transport)"": ""00-00-0000"", ""Class of Vehicle"": ""LMV, MCWG"", ""Bld.Gr."": ""Bld.Gr."", ""Bdg.No"": ""Bdg.No"", ""Org. Issue Dt"": ""21-11-2017"", ""SEQ.DLABDLB17"": ""SEQ.DLABDLB17"", ""Sign. of Holder"": ""Sign. of Holder"", ""DTO"": ""DTO"", ""I.A.A."": ""I.A.A."", ""AS25"": ""AS25"" } }, ""is_default_responce"": false }]",pan,"
422 UNPROCESSABLE_ENTITYDIS-DIG-001J
HBad request - Sorry for inconvenience caused, please try again [#ISR111]","Model not extracted correctly DOB. There is a scrach
On top of DOB"
49c74716-9656-4694-890a-1ff98cd742e4,"[ { ""extracted_pairs"": { ""mandatory_fields"": { ""DocumentType"": ""Transport Department Government of Delhi"", ""Name"": ""VARUN VERMA"", ""Address"": ""CB-36 CB NARAINA NEW DELHI 110010"", ""DateOfBirth"": ""15-06-1986"", ""ID Number"": ""DL-092009033725"", ""IssuerAuthority"": ""Transport Department Government of Delhi"" }, ""optional_fields"": { ""Father's Name"": ""SH PARKASH"", ""Vehicle Class"": ""M.CYL"", ""LMV-NT"": ""NA"", ""Validity"": ""02-07-2029"", ""Date of Issue"": ""03-07-2009"", ""INVCARRNO"": ""NA"" } }, ""is_default_responce"": true }]",pan,"
422 UNPROCESSABLE_ENTITYDIS-DIG-001J
HBad request - Sorry for inconvenience caused, please try again [#ISR111]","Document is fully tilted. Model not extracted correctly
DL number"
c10a0de4-5553-4051-9cbc-bdfd101689e2,"[ { ""extracted_pairs"": { ""mandatory_fields"": { ""ID Number"": ""MP17R-2020-0218132"", ""Name"": ""JAI LAL YADAV"", ""DateOfBirth"": ""10-11-1982"", ""IssuerAuthority"": ""MADHYA PRADESH"", ""DateOfIssue"": ""14-09-2020"" }, ""optional_fields"": { ""Address"": ""VPO-RAMNAI REWA, MP 486001"", ""Blood Group"": ""B"", ""Organ Donor"": ""N"", ""Validity(NT)"": ""09-11-2032"", ""Validity(TR)"": ""12-04-2025"" } }, ""is_default_responce"": false }]",pan,"
422 UNPROCESSABLE_ENTITYDIS-DIG-001J
HBad request - Sorry for inconvenience caused, please try again [#ISR111]","Model extracted correctly but got DL number with ‘-’
DL number contans the ‘-’"
b1fa98d5-ff92-41bb-a875-db3dede93d2c,"[ { ""extracted_pairs"": { ""mandatory_fields"": { ""ID Number"": ""HP-54L"", ""Name"": ""VINOD KUMAR"", ""DateOfBirth"": ""04-08-1992"", ""IssuerAuthority"": ""VILL-BANTUNGLI PO-NAAGROTA SURJAN TEH-JAWALI"", ""DateOfIssue"": ""13-11-2013"" }, ""optional_fields"": { ""Address"": ""DISTT-KANGRA HP 176027"", ""Endorsements"": ""MCWG w.e.f 13/11/2013 Only"", ""Signature"": ""Vinod Kumar"", ""Holder"": ""Licensing Authority (MV)"", ""District"": ""Kangra"", ""State"": ""H.P."", ""RTO"": ""54"" } }, ""is_default_responce"": false }]",pan,"
422 UNPROCESSABLE_ENTITYDIS-DIG-001J
HBad request - Sorry for inconvenience caused, please try again [#ISR111]","Model not extracted correctly DL number as the documnet 
Is legecy, format is different"
d6b613ad-f40f-441d-b5f8-6a6e5cbc0a78,"[ { ""extracted_pairs"": { ""mandatory_fields"": { ""ID Number"": ""AS-1120150029753"", ""Name"": ""KABAL HUSSAIN MAZARBHUIYA"", ""DateOfBirth"": ""11-03-2015"", ""IssuerAuthority"": ""GOVERNMENT OF ASSAM"", ""DateOfIssue"": ""10-03-1991"" }, ""optional_fields"": { ""Address"": ""VILL-RAMNAGAR TUKORGRAM PART-VI PO-RAMNAGAR TARAPUR, PS-SILCHAR DT-CACHAR, ASSAM 788003"", ""Valid till (Non Trans)"": ""10-03-2015"", ""Valid till (Trans)"": ""10-03-2035"", ""Class of Vehicle"": ""MCWG, LMV-NT"", ""Form"": ""7"" } }, ""is_default_responce"": false }]",DL,"
422 UNPROCESSABLE_ENTITYDIS-DIG-001J
HBad request - Sorry for inconvenience caused, please try again [#ISR111]","Model not extracted Name correctly  as the documnet 
Is legecy, format is different"
2795586f-280c-4f70-95d9-ff4dfa3bf8a6,"[ { ""extracted_pairs"": { ""mandatory_fields"": { ""ID Number"": ""DL 1234567890"", ""Name"": ""John Doe"", ""DateOfBirth"": ""01-01-1980"", ""IssuerAuthority"": ""Government of India"", ""DateOfIssue"": ""01-01-1990"" }, ""optional_fields"": { ""Address"": ""123 Main Street, Anytown, India"", ""Valid From"": ""01-01-1990"", ""Valid To"": ""31-12-1999"" } }, ""is_default_responce"": false }]",pan,"
422 UNPROCESSABLE_ENTITYDIS-DIG-001J
HBad request - Sorry for inconvenience caused, please try again [#ISR111]",Document is blur.
1d6ff61d-6328-4794-85a6-61a087d69a7d,"[ { ""extracted_pairs"": { ""mandatory_fields"": { ""ID Number"": ""AS22 20140065442"", ""Name"": ""RANJAN PEGU"", ""DateOfBirth"": ""03-01-2014"", ""IssuerAuthority"": ""GOVERNMENT OF ASSAM"", ""DateofIssue"": ""12-02-2025"" }, ""optional_fields"": { ""Address"": ""SWID: DULAL PEGU, VILL- UKHAMATI PO UKHAMATI, GOGAMUKH, DHEMAJI, AS 787034"", ""AddressSegments"": { ""House/Building/Apartment"": ""787034"", ""Street/Road/Lane"": ""UKHAMATI"", ""Area/Locality/Sector"": ""GOGAMUKH"", ""Landmark"": ""DHEMAJI"", ""Pincode"": ""787034"" }, ""Class of Vehicle"": ""TRANS, LMV"", ""Form"": ""7"", ""DOB"": ""11-06-1990"", ""Bld.Gr"": ""AB+"", ""Bdg.No"": ""SEQ. DRAAAFZ20"", ""Valid till (Non Transport)"": ""02-01-2034"", ""Valid till (Transport)"": ""12-02-2025"", ""DTC"": ""(M Ahmed)"", ""LAA"": ""AS22"" } }, ""is_default_responce"": false }]",pan,,"Model not extracted correctly DOB. There is a scrach
On top of DOB"
9c6a9162-a7ef-4334-bf0d-9e0470231322,"[ { ""extracted_pairs"": { ""mandatory_fields"": { ""ID Number"": ""6729173"", ""Name"": ""VISHAKH VIJAYAN"", ""DateOfBirth"": ""08-08-1993"", ""IssuerAuthority"": ""INDIAN UNION KERALA STATE DRIVING LICENCE"", ""DateOfIssue"": ""22-09-2015"" }, ""optional_fields"": { ""Address"": ""MOOZHICKAL HOUSE MUKKUDAM P.O IDUKKI 685602"", ""Blood Group"": ""O+"", ""Category"": ""Valid from 07/03/2013 Valid To 06/03/2033"", ""Non-Transport"": ""22/09/2015"", ""Transport"": ""21/09/2018"", ""Class of Vehicle"": ""M/C with gr A/R LMV"", ""Testing Authority"": ""ALA,DKM"", ""Date of First Issue"": ""07/03/2013"", ""Badge No. & Date"": ""68/603/2015"", ""Signature of Holder"": ""Vishn"", ""Ass"": ""LA.DEVIKULAM"" } }, ""is_default_responce"": false }]",DL,"
422 UNPROCESSABLE_ENTITYDIS-DIG-001J
HBad request - Sorry for inconvenience caused, please try again [#ISR111]","Document is fully tilted. Model not extracted correctly
DL number"
23e860fa-a0dc-46ac-b415-0b324723b316,"[ { ""extracted_pairs"": { ""mandatory_fields"": { ""ID Number"": ""MH03 19990013126"", ""Name"": ""MALATHI RAJARAM"", ""DateOfBirth"": ""12-04-1999"", ""IssuerAuthority"": ""Maharashtra State Motor Vehicles Department"", ""DateOfIssue"": ""12-04-1999"" }, ""optional_fields"": { ""Address"": ""B-1, KAMALAYA, CHEDDA NAGAR, CHEMBUR, GREATER MUMBAI, MUMBAI SUBURBAN"", ""Signature"": ""Signature/Thumb impression of Holder"" } }, ""is_default_responce"": false }]",dl,"
422 UNPROCESSABLE_ENTITYDIS-DIG-001J
HBad request - Sorry for inconvenience caused, please try again [#ISR111]","Model not extracted correctly DOB. There is a scrach
On top of DOB"
